{"stats":{"minecraft:picked_up":{"minecraft:stick":2,"farmersdelight:tomato_seeds":9,"minecraft:bamboo":15,"minecraft:acacia_sapling":2,"farmersdelight:tomato":2},"minecraft:custom":{"minecraft:time_since_rest":24465,"minecraft:sprint_one_cm":10979,"minecraft:play_time":24465,"minecraft:damage_taken":120,"minecraft:walk_one_cm":13060,"minecraft:sneak_time":27,"minecraft:jump":115,"minecraft:damage_dealt":44,"minecraft:leave_game":1,"minecraft:time_since_death":24465,"minecraft:total_world_time":24465,"minecraft:climb_one_cm":191,"minecraft:fly_one_cm":179904,"minecraft:talked_to_villager":2,"minecraft:fall_one_cm":209},"minecraft:mined":{"minecraft:grass":2},"minecraft:used":{"minecraft:dirt":6,"minecraft:grass_block":5,"minecraft:acacia_sapling":31,"minecraft:stone":19}},"DataVersion":3465}