{"stats":{"minecraft:mined":{"minecraft:grass_block":1,"minecraft:grass":2},"minecraft:killed":{"minecraft:spider":1,"minecraft:zombie":1},"minecraft:dropped":{"minecraft:spyglass":2,"minecraft:wheat_seeds":3,"minecraft:diamond_axe":3,"minecraft:rotten_flesh":2,"minecraft:apple":1,"minecraft:mossy_stone_brick_slab":1,"minecraft:diamond_sword":3,"minecraft:shield":2,"minecraft:diamond_pickaxe":3,"minecraft:string":1,"minecraft:bucket":1},"minecraft:used":{"minecraft:wheat_seeds":18,"minecraft:mossy_stone_bricks":1,"minecraft:water_bucket":72,"minecraft:cow_spawn_egg":6,"minecraft:enchanting_table":1,"minecraft:diamond_boots":1,"minecraft:flint_and_steel":1,"minecraft:armor_stand":2,"minecraft:stone_shovel":40,"minecraft:zombie_villager_spawn_egg":4,"minecraft:diamond_hoe":5,"farmersdelight:cabbage_seeds":9,"minecraft:oak_planks":184,"minecraft:chest":4,"minecraft:stone":19,"minecraft:zombie_spawn_egg":2,"minecraft:composter":2,"minecraft:diamond_axe":2,"minecraft:mossy_stone_brick_slab":8,"minecraft:farmland":90,"minecraft:oak_leaves":28,"minecraft:soul_campfire":1,"minecraft:torch":56,"minecraft:dirt":23,"minecraft:sand":2,"minecraft:anvil":1,"minecraft:white_carpet":6,"minecraft:crafting_table":1,"minecraft:carrot":25,"minecraft:diamond_helmet":2,"minecraft:white_bed":4,"minecraft:acacia_sapling":45,"minecraft:spruce_fence":34,"minecraft:smoker":5,"minecraft:stripped_spruce_log":37,"minecraft:obsidian":19,"minecraft:glass":35,"minecraft:bookshelf":15,"minecraft:villager_spawn_egg":2,"minecraft:lantern":1,"minecraft:grass_block":377,"minecraft:stone_button":2,"minecraft:lectern":3,"minecraft:light_blue_bed":2,"minecraft:iron_door":1,"minecraft:diamond_chestplate":1,"minecraft:diamond_sword":1,"minecraft:furnace":4,"minecraft:bucket":1,"minecraft:potato":26,"farmersdelight:tomato_seeds":18,"minecraft:splash_potion":12,"minecraft:bone_meal":54,"minecraft:diamond_leggings":1},"minecraft:picked_up":{"minecraft:allium":8,"minecraft:diamond_sword":2,"minecraft:shield":1,"farmersdelight:diamond_knife":1,"minecraft:string":2,"farmersdelight:tomato":2,"minecraft:dirt":1,"minecraft:apple":1,"minecraft:bow":1,"minecraft:wheat_seeds":10,"minecraft:bucket":2,"minecraft:bamboo":15,"minecraft:acacia_sapling":4,"minecraft:stick":2,"minecraft:torch":1,"minecraft:porkchop":2,"farmersdelight:tomato_seeds":9,"minecraft:carrot":5,"minecraft:rotten_flesh":10,"farmersdelight:onion":3,"minecraft:diamond_axe":2,"minecraft:oak_sapling":1,"minecraft:diamond_pickaxe":2},"minecraft:crafted":{"minecraft:oak_planks":8,"sophisticatedbackpacks:backpack":1,"minecraft:chest":1,"sophisticatedbackpacks:iron_backpack":1},"minecraft:custom":{"minecraft:interact_with_furnace":1,"minecraft:mob_kills":2,"minecraft:interact_with_anvil":3,"minecraft:interact_with_crafting_table":2,"minecraft:open_barrel":12,"minecraft:leave_game":2,"minecraft:time_since_death":103619,"minecraft:sleep_in_bed":4,"minecraft:climb_one_cm":689,"minecraft:time_since_rest":6475,"minecraft:sprint_one_cm":46068,"minecraft:damage_taken":140,"minecraft:walk_one_cm":99034,"minecraft:drop":21,"minecraft:damage_dealt":269,"minecraft:swim_one_cm":1687,"minecraft:talked_to_villager":4,"minecraft:fly_one_cm":1739661,"minecraft:open_chest":25,"minecraft:crouch_one_cm":276,"minecraft:play_time":103619,"minecraft:sneak_time":765,"minecraft:walk_under_water_one_cm":3877,"minecraft:jump":426,"minecraft:walk_on_water_one_cm":3610,"minecraft:interact_with_smoker":1,"minecraft:total_world_time":103619,"minecraft:fall_one_cm":2763}},"DataVersion":3465}