{"stats":{"minecraft:used":{"minecraft:enchanting_table":1,"minecraft:flint_and_steel":1,"minecraft:poppy":1,"minecraft:armor_stand":2,"farmersdelight:cabbage_seeds":9,"minecraft:stone_shovel":40,"minecraft:zombie_villager_spawn_egg":4,"minecraft:diamond_hoe":5,"minecraft:chest":4,"minecraft:shield":33,"minecraft:stone":19,"minecraft:zombie_spawn_egg":2,"minecraft:mossy_stone_brick_slab":8,"minecraft:farmland":90,"minecraft:netherrack":169,"minecraft:soul_campfire":1,"minecraft:torch":56,"minecraft:spyglass":2,"minecraft:dirt":23,"minecraft:anvil":1,"minecraft:white_carpet":6,"minecraft:carrot":26,"minecraft:allium":5,"minecraft:diamond_helmet":3,"minecraft:acacia_sapling":45,"minecraft:spruce_fence":34,"minecraft:stripped_spruce_log":37,"minecraft:obsidian":19,"minecraft:glass":35,"minecraft:lava_bucket":13,"minecraft:bookshelf":15,"minecraft:villager_spawn_egg":2,"minecraft:lantern":1,"minecraft:grass_block":377,"minecraft:light_blue_bed":2,"minecraft:crimson_roots":1,"minecraft:diamond_chestplate":1,"minecraft:basalt":1,"minecraft:golden_carrot":5,"minecraft:bow":19,"minecraft:furnace":4,"minecraft:potato":26,"farmersdelight:tomato_seeds":18,"sophisticatedbackpacks:gold_backpack":5,"minecraft:wheat_seeds":20,"minecraft:mossy_stone_bricks":1,"minecraft:water_bucket":75,"minecraft:cow_spawn_egg":6,"minecraft:diamond_boots":1,"minecraft:oak_planks":184,"minecraft:blackstone":11,"minecraft:composter":2,"minecraft:diamond_axe":20,"minecraft:polished_blackstone_bricks":15,"minecraft:oak_leaves":28,"minecraft:sand":2,"minecraft:crafting_table":1,"minecraft:white_bed":4,"minecraft:smoker":5,"minecraft:diamond_pickaxe":400,"minecraft:cornflower":2,"minecraft:oxeye_daisy":2,"minecraft:crying_obsidian":1,"minecraft:cracked_polished_blackstone_bricks":7,"minecraft:stone_button":2,"minecraft:lectern":10,"minecraft:iron_door":1,"minecraft:gravel":23,"minecraft:golden_helmet":1,"minecraft:diamond_sword":98,"minecraft:potion":1,"minecraft:cooked_porkchop":14,"minecraft:bucket":17,"minecraft:dandelion":4,"minecraft:diamond_leggings":1,"minecraft:bone_meal":54,"minecraft:splash_potion":12},"minecraft:killed":{"minecraft:spider":2,"minecraft:skeleton":1,"minecraft:piglin_brute":2,"minecraft:magma_cube":14,"minecraft:piglin":2,"minecraft:zombie_villager":1,"minecraft:hoglin":12,"minecraft:creeper":2,"minecraft:zombie":1},"minecraft:dropped":{"minecraft:enchanted_book":1,"sophisticatedbackpacks:iron_backpack":1,"minecraft:bread":99,"minecraft:black_dye":3,"minecraft:wheat_seeds":3,"minecraft:diamond_axe":3,"minecraft:golden_helmet":1,"minecraft:glass_bottle":1,"minecraft:leather":13,"minecraft:apple":1,"minecraft:flint":1,"sophisticatedbackpacks:gold_backpack":2,"minecraft:string":1,"minecraft:bucket":2,"minecraft:gold_ingot":37,"minecraft:spyglass":3,"minecraft:rotten_flesh":2,"minecraft:mossy_stone_brick_slab":1,"minecraft:carrot":1,"minecraft:diamond_sword":4,"minecraft:shield":2,"minecraft:diamond_pickaxe":5,"minecraft:bow":1},"minecraft:crafted":{"minecraft:oak_planks":8,"minecraft:chest":2,"minecraft:magenta_dye":1,"minecraft:golden_helmet":2,"sophisticatedbackpacks:iron_backpack":2,"sophisticatedbackpacks:backpack":2,"sophisticatedbackpacks:gold_backpack":4,"minecraft:enchanted_book":2,"minecraft:bread":96,"minecraft:air":0,"minecraft:gold_ingot":51},"minecraft:picked_up":{"sophisticatedbackpacks:gold_backpack":6,"minecraft:allium":14,"minecraft:wheat":2,"minecraft:diamond_sword":3,"minecraft:gold_block":1,"minecraft:potion":1,"minecraft:shield":1,"farmersdelight:diamond_knife":1,"minecraft:cornflower":2,"minecraft:string":15,"minecraft:blackstone":11,"minecraft:bucket":3,"minecraft:iron_nugget":35,"minecraft:poppy":1,"minecraft:lectern":7,"minecraft:raw_iron":16,"minecraft:stick":2,"sophisticatedbackpacks:crafting_upgrade":1,"minecraft:torch":87,"minecraft:porkchop":6,"minecraft:polished_blackstone_bricks":24,"farmersdelight:tomato_seeds":9,"minecraft:carrot":6,"minecraft:black_dye":4,"minecraft:rotten_flesh":11,"farmersdelight:onion":6,"minecraft:obsidian":2,"minecraft:oxeye_daisy":2,"minecraft:basalt":1,"minecraft:crimson_stem":2,"minecraft:leather":34,"minecraft:gunpowder":7,"farmersdelight:tomato":2,"minecraft:dirt":1,"minecraft:apple":1,"minecraft:bow":2,"minecraft:wheat_seeds":20,"minecraft:bamboo":15,"minecraft:glowstone_dust":18,"minecraft:acacia_sapling":4,"minecraft:cooked_porkchop":31,"minecraft:quartz":5,"minecraft:dandelion":4,"minecraft:spyglass":1,"minecraft:gravel":31,"sophisticatedbackpacks:iron_backpack":1,"minecraft:crying_obsidian":3,"minecraft:spectral_arrow":35,"minecraft:spider_eye":2,"minecraft:cracked_polished_blackstone_bricks":15,"minecraft:diamond_axe":2,"minecraft:oak_sapling":1,"minecraft:netherrack":322,"minecraft:crimson_roots":11,"minecraft:diamond_pickaxe":5},"minecraft:broken":{"minecraft:shield":1},"minecraft:mined":{"sophisticatedbackpacks:gold_backpack":4,"farmersdelight:wild_carrots":1,"gravestone:gravestone":1,"minecraft:allium":1,"minecraft:grass_block":3,"minecraft:crimson_roots":4,"minecraft:cracked_polished_blackstone_bricks":17,"minecraft:oxeye_daisy":1,"minecraft:crimson_stem":4,"minecraft:spawner":1,"farmersdelight:wild_onions":3,"minecraft:polished_blackstone_bricks":21,"minecraft:glowstone":5,"minecraft:iron_ore":8,"minecraft:gold_block":1,"minecraft:blackstone":11,"minecraft:crimson_nylium":7,"minecraft:basalt":1,"minecraft:dandelion":4,"minecraft:cornflower":2,"minecraft:torch":1,"minecraft:poppy":2,"minecraft:lectern":7,"minecraft:nether_quartz_ore":2,"minecraft:tall_grass":1,"minecraft:wheat":2,"minecraft:grass":11,"minecraft:gravel":1,"minecraft:netherrack":324},"minecraft:custom":{"minecraft:mob_kills":42,"minecraft:interact_with_anvil":5,"minecraft:animals_bred":2,"minecraft:interact_with_crafting_table":9,"minecraft:open_barrel":12,"minecraft:damage_dealt_resisted":38,"minecraft:leave_game":5,"minecraft:time_since_death":196349,"minecraft:climb_one_cm":1086,"minecraft:sprint_one_cm":203871,"minecraft:walk_one_cm":242621,"minecraft:damage_blocked_by_shield":3120,"minecraft:drop":58,"minecraft:damage_dealt_absorbed":58,"minecraft:talked_to_villager":13,"minecraft:play_time":196349,"minecraft:sneak_time":5536,"minecraft:walk_under_water_one_cm":9070,"minecraft:jump":1516,"minecraft:walk_on_water_one_cm":7779,"minecraft:total_world_time":196349,"minecraft:interact_with_furnace":11,"minecraft:traded_with_villager":18,"minecraft:sleep_in_bed":6,"minecraft:time_since_rest":15110,"minecraft:damage_taken":1392,"minecraft:damage_dealt":6651,"minecraft:swim_one_cm":5584,"minecraft:fly_one_cm":1955000,"minecraft:open_chest":105,"minecraft:crouch_one_cm":12266,"minecraft:interact_with_smoker":2,"minecraft:fall_one_cm":38217}},"DataVersion":3465}