{"stats":{"minecraft:picked_up":{"minecraft:stick":2,"minecraft:allium":8,"minecraft:torch":1,"minecraft:porkchop":2,"farmersdelight:tomato_seeds":9,"minecraft:carrot":5,"farmersdelight:tomato":2,"minecraft:dirt":1,"minecraft:rotten_flesh":3,"minecraft:wheat_seeds":8,"farmersdelight:onion":3,"minecraft:bamboo":15,"minecraft:oak_sapling":1,"minecraft:acacia_sapling":4},"minecraft:custom":{"minecraft:time_since_rest":12945,"minecraft:interact_with_furnace":1,"minecraft:sprint_one_cm":28949,"minecraft:damage_taken":120,"minecraft:walk_one_cm":71255,"minecraft:drop":2,"minecraft:damage_dealt":44,"minecraft:swim_one_cm":1687,"minecraft:talked_to_villager":2,"minecraft:fly_one_cm":1687146,"minecraft:open_barrel":12,"minecraft:open_chest":8,"minecraft:crouch_one_cm":276,"minecraft:play_time":78465,"minecraft:walk_under_water_one_cm":3877,"minecraft:sneak_time":647,"minecraft:jump":294,"minecraft:leave_game":1,"minecraft:time_since_death":78465,"minecraft:walk_on_water_one_cm":2802,"minecraft:sleep_in_bed":1,"minecraft:climb_one_cm":689,"minecraft:total_world_time":78465,"minecraft:fall_one_cm":209},"minecraft:dropped":{"minecraft:wheat_seeds":1,"minecraft:mossy_stone_brick_slab":1},"minecraft:mined":{"minecraft:grass":2,"minecraft:grass_block":1},"minecraft:used":{"minecraft:glass":35,"minecraft:wheat_seeds":18,"minecraft:water_bucket":66,"minecraft:mossy_stone_bricks":1,"minecraft:cow_spawn_egg":6,"minecraft:armor_stand":2,"minecraft:lantern":1,"minecraft:grass_block":180,"minecraft:stone_shovel":40,"minecraft:stone_button":2,"minecraft:oak_planks":184,"farmersdelight:cabbage_seeds":9,"minecraft:chest":2,"minecraft:light_blue_bed":2,"minecraft:stone":19,"minecraft:iron_door":1,"minecraft:mossy_stone_brick_slab":8,"minecraft:farmland":90,"minecraft:soul_campfire":1,"minecraft:torch":53,"minecraft:dirt":23,"minecraft:sand":2,"minecraft:white_carpet":6,"minecraft:crafting_table":1,"minecraft:furnace":4,"minecraft:carrot":25,"minecraft:diamond_helmet":1,"minecraft:white_bed":4,"minecraft:acacia_sapling":45,"minecraft:potato":20,"farmersdelight:tomato_seeds":18,"minecraft:spruce_fence":34,"minecraft:smoker":5,"minecraft:bone_meal":54}},"DataVersion":3465}