{"stats":{"minecraft:mined":{"minecraft:grass":2,"minecraft:grass_block":1},"minecraft:dropped":{"minecraft:diamond_sword":3,"minecraft:spyglass":2,"minecraft:shield":2,"minecraft:wheat_seeds":1,"minecraft:diamond_axe":3,"minecraft:diamond_pickaxe":3,"minecraft:mossy_stone_brick_slab":1},"minecraft:used":{"minecraft:glass":35,"minecraft:wheat_seeds":18,"minecraft:water_bucket":72,"minecraft:mossy_stone_bricks":1,"minecraft:enchanting_table":1,"minecraft:cow_spawn_egg":6,"minecraft:bookshelf":15,"minecraft:villager_spawn_egg":2,"minecraft:lantern":1,"minecraft:armor_stand":2,"minecraft:grass_block":377,"minecraft:oak_planks":184,"minecraft:stone_shovel":40,"farmersdelight:cabbage_seeds":9,"minecraft:stone_button":2,"minecraft:diamond_hoe":5,"minecraft:lectern":3,"minecraft:chest":4,"minecraft:stone":19,"minecraft:light_blue_bed":2,"minecraft:composter":2,"minecraft:iron_door":1,"minecraft:mossy_stone_brick_slab":8,"minecraft:farmland":90,"minecraft:oak_leaves":6,"minecraft:soul_campfire":1,"minecraft:torch":56,"minecraft:anvil":1,"minecraft:sand":2,"minecraft:dirt":23,"minecraft:white_carpet":6,"minecraft:crafting_table":1,"minecraft:furnace":4,"minecraft:carrot":25,"minecraft:diamond_helmet":1,"minecraft:white_bed":4,"minecraft:acacia_sapling":45,"farmersdelight:tomato_seeds":18,"minecraft:potato":26,"minecraft:spruce_fence":34,"minecraft:smoker":5,"minecraft:bone_meal":54,"minecraft:obsidian":18},"minecraft:picked_up":{"minecraft:stick":2,"minecraft:allium":8,"minecraft:diamond_sword":2,"minecraft:torch":1,"minecraft:porkchop":2,"farmersdelight:tomato_seeds":9,"minecraft:shield":1,"minecraft:carrot":5,"farmersdelight:tomato":2,"minecraft:dirt":1,"minecraft:rotten_flesh":3,"minecraft:apple":1,"minecraft:wheat_seeds":10,"farmersdelight:onion":3,"minecraft:diamond_axe":2,"minecraft:bamboo":15,"minecraft:oak_sapling":1,"minecraft:acacia_sapling":4,"minecraft:diamond_pickaxe":2},"minecraft:custom":{"minecraft:time_since_rest":11792,"minecraft:interact_with_furnace":1,"minecraft:sprint_one_cm":30954,"minecraft:damage_taken":120,"minecraft:walk_one_cm":79324,"minecraft:interact_with_anvil":2,"minecraft:drop":15,"minecraft:damage_dealt":44,"minecraft:swim_one_cm":1687,"minecraft:talked_to_villager":2,"minecraft:fly_one_cm":1709325,"minecraft:open_barrel":12,"minecraft:open_chest":10,"minecraft:crouch_one_cm":276,"minecraft:play_time":91619,"minecraft:sneak_time":752,"minecraft:walk_under_water_one_cm":3877,"minecraft:jump":314,"minecraft:leave_game":2,"minecraft:walk_on_water_one_cm":3586,"minecraft:time_since_death":91619,"minecraft:sleep_in_bed":2,"minecraft:climb_one_cm":689,"minecraft:total_world_time":91619,"minecraft:fall_one_cm":209}},"DataVersion":3465}