{"stats":{"minecraft:broken":{"minecraft:shield":1},"minecraft:killed":{"minecraft:spider":2,"minecraft:skeleton":1,"minecraft:piglin_brute":1,"minecraft:piglin":1,"minecraft:zombie_villager":1,"minecraft:hoglin":5,"minecraft:creeper":2,"minecraft:zombie":1},"minecraft:used":{"minecraft:enchanting_table":1,"minecraft:flint_and_steel":1,"minecraft:armor_stand":2,"minecraft:stone_shovel":40,"minecraft:diamond_hoe":5,"minecraft:zombie_villager_spawn_egg":4,"farmersdelight:cabbage_seeds":9,"minecraft:chest":4,"minecraft:shield":33,"minecraft:stone":19,"minecraft:zombie_spawn_egg":2,"minecraft:mossy_stone_brick_slab":8,"minecraft:farmland":90,"minecraft:netherrack":73,"minecraft:soul_campfire":1,"minecraft:torch":56,"minecraft:dirt":23,"minecraft:anvil":1,"minecraft:white_carpet":6,"minecraft:carrot":25,"minecraft:diamond_helmet":2,"minecraft:acacia_sapling":45,"minecraft:spruce_fence":34,"minecraft:stripped_spruce_log":37,"minecraft:obsidian":19,"minecraft:glass":35,"minecraft:lava_bucket":9,"minecraft:bookshelf":15,"minecraft:villager_spawn_egg":2,"minecraft:lantern":1,"minecraft:grass_block":377,"minecraft:light_blue_bed":2,"minecraft:crimson_roots":1,"minecraft:diamond_chestplate":1,"minecraft:basalt":1,"minecraft:golden_carrot":5,"minecraft:bow":4,"minecraft:furnace":4,"minecraft:potato":26,"farmersdelight:tomato_seeds":18,"sophisticatedbackpacks:gold_backpack":5,"minecraft:wheat_seeds":20,"minecraft:mossy_stone_bricks":1,"minecraft:water_bucket":74,"minecraft:cow_spawn_egg":6,"minecraft:diamond_boots":1,"minecraft:oak_planks":184,"minecraft:blackstone":7,"minecraft:composter":2,"minecraft:diamond_axe":9,"minecraft:polished_blackstone_bricks":3,"minecraft:oak_leaves":28,"minecraft:sand":2,"minecraft:crafting_table":1,"minecraft:white_bed":4,"minecraft:smoker":5,"minecraft:diamond_pickaxe":141,"minecraft:crying_obsidian":1,"minecraft:cracked_polished_blackstone_bricks":5,"minecraft:stone_button":2,"minecraft:lectern":7,"minecraft:iron_door":1,"minecraft:gravel":23,"minecraft:golden_helmet":1,"minecraft:diamond_sword":53,"minecraft:potion":1,"minecraft:cooked_porkchop":6,"minecraft:bucket":12,"minecraft:bone_meal":54,"minecraft:splash_potion":12,"minecraft:diamond_leggings":1},"minecraft:dropped":{"sophisticatedbackpacks:iron_backpack":1,"minecraft:bread":64,"minecraft:black_dye":3,"minecraft:wheat_seeds":3,"minecraft:diamond_axe":3,"minecraft:golden_helmet":1,"minecraft:glass_bottle":1,"minecraft:apple":1,"sophisticatedbackpacks:gold_backpack":1,"minecraft:string":1,"minecraft:bucket":2,"minecraft:gold_ingot":37,"minecraft:spyglass":2,"minecraft:rotten_flesh":2,"minecraft:mossy_stone_brick_slab":1,"minecraft:diamond_sword":3,"minecraft:shield":2,"minecraft:diamond_pickaxe":4},"minecraft:picked_up":{"sophisticatedbackpacks:gold_backpack":5,"minecraft:allium":9,"minecraft:wheat":2,"minecraft:diamond_sword":2,"minecraft:potion":1,"minecraft:shield":1,"farmersdelight:diamond_knife":1,"minecraft:string":15,"minecraft:blackstone":7,"minecraft:bucket":3,"minecraft:iron_nugget":35,"minecraft:lectern":4,"minecraft:raw_iron":16,"minecraft:stick":2,"minecraft:torch":86,"minecraft:porkchop":2,"minecraft:polished_blackstone_bricks":6,"farmersdelight:tomato_seeds":9,"minecraft:carrot":5,"minecraft:black_dye":4,"minecraft:rotten_flesh":11,"farmersdelight:onion":3,"minecraft:obsidian":2,"minecraft:basalt":1,"minecraft:leather":21,"minecraft:gunpowder":7,"farmersdelight:tomato":2,"minecraft:dirt":1,"minecraft:apple":1,"minecraft:bow":1,"minecraft:wheat_seeds":18,"minecraft:glowstone_dust":18,"minecraft:bamboo":15,"minecraft:acacia_sapling":4,"minecraft:cooked_porkchop":15,"minecraft:gravel":31,"sophisticatedbackpacks:iron_backpack":1,"minecraft:crying_obsidian":3,"minecraft:spectral_arrow":35,"minecraft:spider_eye":2,"minecraft:cracked_polished_blackstone_bricks":5,"minecraft:diamond_axe":2,"minecraft:oak_sapling":1,"minecraft:netherrack":108,"minecraft:crimson_roots":6,"minecraft:diamond_pickaxe":3},"minecraft:custom":{"minecraft:mob_kills":18,"minecraft:interact_with_anvil":3,"minecraft:animals_bred":2,"minecraft:interact_with_crafting_table":8,"minecraft:open_barrel":12,"minecraft:leave_game":3,"minecraft:time_since_death":151186,"minecraft:climb_one_cm":1045,"minecraft:sprint_one_cm":132384,"minecraft:walk_one_cm":171182,"minecraft:damage_blocked_by_shield":3120,"minecraft:drop":35,"minecraft:talked_to_villager":10,"minecraft:play_time":151186,"minecraft:sneak_time":4357,"minecraft:walk_under_water_one_cm":9070,"minecraft:jump":1064,"minecraft:walk_on_water_one_cm":7779,"minecraft:total_world_time":151186,"minecraft:interact_with_furnace":10,"minecraft:traded_with_villager":16,"minecraft:sleep_in_bed":5,"minecraft:time_since_rest":37674,"minecraft:damage_taken":862,"minecraft:damage_dealt":3966,"minecraft:swim_one_cm":5584,"minecraft:fly_one_cm":1871186,"minecraft:open_chest":51,"minecraft:crouch_one_cm":9235,"minecraft:interact_with_smoker":1,"minecraft:fall_one_cm":27546},"minecraft:mined":{"sophisticatedbackpacks:gold_backpack":4,"minecraft:allium":1,"minecraft:grass_block":1,"minecraft:crimson_roots":3,"minecraft:cracked_polished_blackstone_bricks":7,"minecraft:polished_blackstone_bricks":7,"minecraft:glowstone":5,"minecraft:iron_ore":8,"minecraft:blackstone":8,"minecraft:crimson_nylium":4,"minecraft:basalt":1,"minecraft:lectern":4,"minecraft:wheat":2,"minecraft:grass":4,"minecraft:gravel":1,"minecraft:netherrack":99},"minecraft:crafted":{"minecraft:oak_planks":8,"minecraft:chest":2,"minecraft:magenta_dye":1,"minecraft:golden_helmet":2,"sophisticatedbackpacks:iron_backpack":2,"sophisticatedbackpacks:backpack":2,"sophisticatedbackpacks:gold_backpack":4,"minecraft:bread":96,"minecraft:air":0,"minecraft:gold_ingot":51}},"DataVersion":3465}