{"stats":{"minecraft:picked_up":{"minecraft:stick":2,"minecraft:wheat_seeds":1,"farmersdelight:tomato_seeds":9,"minecraft:bamboo":15,"minecraft:acacia_sapling":2,"farmersdelight:tomato":2},"minecraft:custom":{"minecraft:open_barrel":12,"minecraft:open_chest":5,"minecraft:time_since_rest":48465,"minecraft:sprint_one_cm":18235,"minecraft:play_time":48465,"minecraft:damage_taken":120,"minecraft:walk_one_cm":20693,"minecraft:sneak_time":291,"minecraft:walk_under_water_one_cm":3697,"minecraft:drop":2,"minecraft:jump":163,"minecraft:damage_dealt":44,"minecraft:leave_game":1,"minecraft:walk_on_water_one_cm":1142,"minecraft:time_since_death":48465,"minecraft:total_world_time":48465,"minecraft:climb_one_cm":689,"minecraft:fly_one_cm":1227966,"minecraft:talked_to_villager":2,"minecraft:fall_one_cm":209},"minecraft:dropped":{"minecraft:mossy_stone_brick_slab":1,"minecraft:wheat_seeds":1},"minecraft:mined":{"minecraft:grass":2},"minecraft:used":{"minecraft:mossy_stone_bricks":1,"minecraft:water_bucket":4,"minecraft:dirt":6,"minecraft:grass_block":5,"minecraft:acacia_sapling":45,"minecraft:stone":19,"minecraft:bone_meal":54,"minecraft:mossy_stone_brick_slab":8}},"DataVersion":3465}