{"stats":{"minecraft:mined":{"minecraft:grass_block":1,"minecraft:lectern":4,"minecraft:iron_ore":8,"minecraft:wheat":2,"minecraft:grass":2},"minecraft:killed":{"minecraft:zombie_villager":1,"minecraft:spider":2,"minecraft:creeper":2,"minecraft:skeleton":1,"minecraft:zombie":1},"minecraft:dropped":{"sophisticatedbackpacks:iron_backpack":1,"minecraft:bread":64,"minecraft:spyglass":2,"minecraft:wheat_seeds":3,"minecraft:diamond_axe":3,"minecraft:rotten_flesh":2,"minecraft:apple":1,"minecraft:mossy_stone_brick_slab":1,"minecraft:diamond_sword":3,"minecraft:shield":2,"minecraft:diamond_pickaxe":3,"minecraft:string":1,"minecraft:bucket":1},"minecraft:used":{"minecraft:wheat_seeds":20,"minecraft:mossy_stone_bricks":1,"minecraft:water_bucket":73,"minecraft:cow_spawn_egg":6,"minecraft:enchanting_table":1,"minecraft:diamond_boots":1,"minecraft:flint_and_steel":1,"minecraft:armor_stand":2,"minecraft:stone_shovel":40,"minecraft:zombie_villager_spawn_egg":4,"minecraft:diamond_hoe":5,"farmersdelight:cabbage_seeds":9,"minecraft:oak_planks":184,"minecraft:chest":4,"minecraft:shield":33,"minecraft:stone":19,"minecraft:zombie_spawn_egg":2,"minecraft:composter":2,"minecraft:diamond_axe":9,"minecraft:mossy_stone_brick_slab":8,"minecraft:farmland":90,"minecraft:oak_leaves":28,"minecraft:soul_campfire":1,"minecraft:torch":56,"minecraft:dirt":23,"minecraft:sand":2,"minecraft:anvil":1,"minecraft:white_carpet":6,"minecraft:crafting_table":1,"minecraft:carrot":25,"minecraft:diamond_helmet":2,"minecraft:white_bed":4,"minecraft:acacia_sapling":45,"minecraft:spruce_fence":34,"minecraft:smoker":5,"minecraft:stripped_spruce_log":37,"minecraft:obsidian":19,"minecraft:glass":35,"minecraft:diamond_pickaxe":10,"minecraft:bookshelf":15,"minecraft:villager_spawn_egg":2,"minecraft:lantern":1,"minecraft:grass_block":377,"minecraft:stone_button":2,"minecraft:lectern":7,"minecraft:light_blue_bed":2,"minecraft:crimson_roots":1,"minecraft:iron_door":1,"minecraft:diamond_chestplate":1,"minecraft:diamond_sword":14,"minecraft:golden_carrot":4,"minecraft:furnace":4,"minecraft:bucket":2,"minecraft:potato":26,"farmersdelight:tomato_seeds":18,"minecraft:splash_potion":12,"minecraft:bone_meal":54,"minecraft:diamond_leggings":1},"minecraft:broken":{"minecraft:shield":1},"minecraft:picked_up":{"minecraft:wheat":2,"minecraft:allium":8,"minecraft:leather":8,"minecraft:diamond_sword":2,"minecraft:gunpowder":7,"minecraft:shield":1,"farmersdelight:diamond_knife":1,"minecraft:string":6,"farmersdelight:tomato":2,"minecraft:dirt":1,"minecraft:apple":1,"minecraft:bow":1,"minecraft:wheat_seeds":18,"minecraft:bucket":2,"minecraft:lectern":4,"minecraft:bamboo":15,"minecraft:acacia_sapling":4,"minecraft:stick":2,"minecraft:raw_iron":16,"minecraft:torch":86,"minecraft:porkchop":2,"farmersdelight:tomato_seeds":9,"minecraft:carrot":5,"minecraft:spider_eye":2,"minecraft:rotten_flesh":11,"farmersdelight:onion":3,"minecraft:diamond_axe":2,"minecraft:oak_sapling":1,"minecraft:crimson_roots":1,"minecraft:diamond_pickaxe":2},"minecraft:crafted":{"minecraft:oak_planks":8,"sophisticatedbackpacks:backpack":2,"minecraft:air":0,"minecraft:bread":96,"minecraft:chest":2,"sophisticatedbackpacks:iron_backpack":2},"minecraft:custom":{"minecraft:interact_with_furnace":1,"minecraft:mob_kills":9,"minecraft:interact_with_anvil":3,"minecraft:animals_bred":2,"minecraft:traded_with_villager":16,"minecraft:interact_with_crafting_table":3,"minecraft:open_barrel":12,"minecraft:leave_game":2,"minecraft:time_since_death":115619,"minecraft:sleep_in_bed":5,"minecraft:climb_one_cm":731,"minecraft:time_since_rest":2107,"minecraft:sprint_one_cm":76340,"minecraft:damage_taken":258,"minecraft:walk_one_cm":118496,"minecraft:damage_blocked_by_shield":3120,"minecraft:drop":23,"minecraft:damage_dealt":1591,"minecraft:swim_one_cm":5188,"minecraft:talked_to_villager":10,"minecraft:fly_one_cm":1802491,"minecraft:open_chest":37,"minecraft:crouch_one_cm":370,"minecraft:play_time":115619,"minecraft:sneak_time":806,"minecraft:walk_under_water_one_cm":9012,"minecraft:jump":657,"minecraft:walk_on_water_one_cm":6691,"minecraft:interact_with_smoker":1,"minecraft:total_world_time":115619,"minecraft:fall_one_cm":11545}},"DataVersion":3465}