{"stats":{"minecraft:mined":{"minecraft:acacia_leaves":1,"minecraft:deepslate_bricks":2,"minecraft:cobblestone":4},"minecraft:killed":{"minecraft:zombie":5,"minecraft:pig":1},"minecraft:dropped":{"minecraft:diamond_sword":2,"minecraft:dirt":2,"minecraft:porkchop":4,"minecraft:shield":1,"minecraft:diamond_axe":2,"minecraft:diamond_pickaxe":2,"minecraft:acacia_sapling":2,"minecraft:rotten_flesh":3,"minecraft:bow":1,"minecraft:bucket":1,"farmersdelight:diamond_knife":2},"minecraft:used":{"minecraft:diamond_pickaxe":6,"minecraft:diamond_boots":1,"minecraft:lantern":23,"minecraft:grass_block":268,"minecraft:jungle_log":138,"minecraft:deepslate_bricks":64,"minecraft:rotten_flesh":5,"minecraft:diamond_chestplate":1,"minecraft:soul_campfire":43,"minecraft:torch":49,"farmersdelight:cutting_board":1,"minecraft:diamond_sword":17,"minecraft:dirt":170,"minecraft:cobblestone":36,"minecraft:bucket":1,"minecraft:diamond_helmet":1,"minecraft:deepslate_brick_slab":59,"minecraft:spruce_fence":134,"minecraft:diamond_leggings":1,"minecraft:deepslate_brick_stairs":76,"minecraft:experience_bottle":267},"minecraft:picked_up":{"minecraft:stick":1,"minecraft:diamond_sword":3,"minecraft:spyglass":2,"minecraft:porkchop":4,"minecraft:shield":2,"minecraft:carrot":3,"farmersdelight:diamond_knife":1,"minecraft:dirt":2,"minecraft:rotten_flesh":16,"minecraft:wheat_seeds":5,"farmersdelight:onion":1,"minecraft:deepslate_bricks":2,"minecraft:diamond_axe":3,"minecraft:cobblestone":4,"minecraft:acacia_sapling":2,"minecraft:diamond_pickaxe":3},"minecraft:crafted":{"farmersdelight:cutting_board":1,"minecraft:oak_planks":128,"minecraft:bow":2,"minecraft:cooked_porkchop":2,"farmersdelight:diamond_knife":2,"minecraft:bucket":2,"minecraft:diamond_shovel":1,"minecraft:air":0,"minecraft:diamond_block":11},"minecraft:custom":{"minecraft:time_since_rest":6475,"minecraft:interact_with_furnace":4,"minecraft:sprint_one_cm":53714,"minecraft:damage_taken":77,"minecraft:walk_one_cm":146685,"minecraft:mob_kills":6,"minecraft:drop":17,"minecraft:damage_dealt":1213,"minecraft:interact_with_crafting_table":9,"minecraft:fly_one_cm":274799,"minecraft:open_chest":41,"minecraft:crouch_one_cm":23721,"minecraft:play_time":111621,"minecraft:sneak_time":7075,"minecraft:walk_under_water_one_cm":98,"minecraft:jump":428,"minecraft:leave_game":5,"minecraft:walk_on_water_one_cm":508,"minecraft:time_since_death":111621,"minecraft:sleep_in_bed":3,"minecraft:interact_with_smoker":9,"minecraft:total_world_time":111621,"minecraft:fall_one_cm":1312}},"DataVersion":3465}