{"stats":{"minecraft:used":{"minecraft:diorite":1,"minecraft:water_bucket":9,"minecraft:diamond_boots":1,"minecraft:chest":8,"minecraft:shield":3,"minecraft:diamond_axe":49,"minecraft:deepslate_bricks":64,"minecraft:rotten_flesh":5,"minecraft:netherrack":70,"minecraft:polished_blackstone_bricks":4,"minecraft:soul_campfire":43,"minecraft:torch":51,"minecraft:dirt":206,"minecraft:spyglass":1,"minecraft:diamond_helmet":1,"minecraft:deepslate_brick_slab":59,"minecraft:spruce_fence":134,"minecraft:deepslate_brick_stairs":76,"minecraft:diamond_pickaxe":352,"minecraft:lantern":23,"minecraft:grass_block":268,"minecraft:bread":24,"minecraft:jungle_log":138,"minecraft:basalt":2,"minecraft:diamond_chestplate":1,"minecraft:diamond_sword":76,"farmersdelight:cutting_board":1,"minecraft:cobblestone":44,"minecraft:bow":7,"minecraft:cooked_porkchop":3,"minecraft:bucket":9,"minecraft:diamond_leggings":1,"sophisticatedbackpacks:gold_backpack":4,"minecraft:experience_bottle":267},"minecraft:killed":{"minecraft:magma_cube":3,"minecraft:piglin":2,"minecraft:pig":1,"minecraft:hoglin":2,"minecraft:squid":2,"minecraft:skeleton":2,"minecraft:zombie":6},"minecraft:dropped":{"sophisticatedbackpacks:iron_backpack":1,"minecraft:black_dye":4,"minecraft:porkchop":4,"minecraft:diamond_axe":2,"minecraft:rotten_flesh":3,"minecraft:leather":8,"sophisticatedbackpacks:gold_backpack":2,"minecraft:diamond_sword":2,"minecraft:dirt":2,"minecraft:shield":1,"minecraft:torch":85,"minecraft:diamond_pickaxe":3,"minecraft:acacia_sapling":2,"minecraft:bow":1,"minecraft:bucket":3,"minecraft:netherrack":24,"farmersdelight:diamond_knife":2},"minecraft:crafted":{"minecraft:black_dye":5,"minecraft:oak_planks":192,"minecraft:cooked_porkchop":2,"sophisticatedbackpacks:gold_backpack":1,"minecraft:bucket":2,"minecraft:diamond_shovel":1,"minecraft:air":0,"minecraft:diamond_block":11,"farmersdelight:cutting_board":1,"minecraft:quartz_block":22,"minecraft:bow":2,"minecraft:stick":60,"minecraft:iron_ingot":6,"minecraft:chest":8,"farmersdelight:diamond_knife":2,"minecraft:torch":200},"minecraft:picked_up":{"sophisticatedbackpacks:gold_backpack":5,"minecraft:basalt":5,"minecraft:magma_cream":2,"minecraft:crimson_stem":38,"minecraft:leather":9,"minecraft:diamond_sword":3,"minecraft:gold_block":11,"minecraft:crimson_fungus":2,"minecraft:shield":2,"farmersdelight:diamond_knife":1,"minecraft:dirt":18,"minecraft:bone":3,"minecraft:blackstone":6,"minecraft:shroomlight":1,"minecraft:bow":1,"minecraft:wheat_seeds":6,"minecraft:gold_nugget":115,"minecraft:bucket":1,"minecraft:glowstone_dust":95,"minecraft:acacia_sapling":2,"minecraft:golden_helmet":1,"minecraft:stick":1,"minecraft:raw_iron":12,"minecraft:cooked_porkchop":22,"minecraft:quartz":127,"minecraft:spyglass":2,"minecraft:porkchop":4,"minecraft:polished_blackstone_bricks":14,"sophisticatedbackpacks:iron_backpack":1,"minecraft:ink_sac":5,"minecraft:diorite":1,"minecraft:carrot":3,"minecraft:arrow":6,"minecraft:weeping_vines":1,"minecraft:rotten_flesh":17,"farmersdelight:onion":1,"minecraft:deepslate_bricks":2,"minecraft:cracked_polished_blackstone_bricks":6,"minecraft:diamond_axe":3,"minecraft:bread":64,"minecraft:netherrack":140,"minecraft:coal":50,"minecraft:crimson_roots":1,"minecraft:cobblestone":12,"minecraft:diamond_pickaxe":4},"minecraft:killed_by":{"minecraft:piglin_brute":1},"minecraft:custom":{"minecraft:interact_with_furnace":11,"minecraft:mob_kills":20,"minecraft:interact_with_crafting_table":11,"minecraft:leave_game":9,"minecraft:time_since_death":36533,"minecraft:sleep_in_bed":4,"minecraft:climb_one_cm":592,"minecraft:time_since_rest":36641,"minecraft:sprint_one_cm":176883,"minecraft:damage_taken":1639,"minecraft:walk_one_cm":267792,"minecraft:damage_blocked_by_shield":300,"minecraft:drop":28,"minecraft:damage_dealt":4036,"minecraft:swim_one_cm":10866,"minecraft:fly_one_cm":407053,"minecraft:open_chest":70,"minecraft:crouch_one_cm":63622,"minecraft:play_time":180520,"minecraft:deaths":1,"minecraft:sneak_time":19308,"minecraft:walk_under_water_one_cm":8130,"minecraft:jump":1401,"minecraft:walk_on_water_one_cm":8075,"minecraft:total_world_time":180520,"minecraft:interact_with_smoker":11,"minecraft:fall_one_cm":32232},"minecraft:mined":{"minecraft:nether_gold_ore":13,"minecraft:acacia_leaves":1,"minecraft:blackstone":10,"minecraft:crimson_nylium":9,"sophisticatedbackpacks:gold_backpack":3,"minecraft:basalt":5,"gravestone:gravestone":1,"minecraft:grass_block":1,"minecraft:crimson_roots":5,"minecraft:cracked_polished_blackstone_bricks":6,"minecraft:nether_quartz_ore":64,"minecraft:deepslate_bricks":2,"minecraft:tall_grass":3,"minecraft:cobblestone":4,"minecraft:crimson_fungus":1,"minecraft:diorite":1,"minecraft:crimson_stem":45,"minecraft:polished_blackstone_bricks":17,"minecraft:weeping_vines_plant":2,"minecraft:glowstone":25,"minecraft:iron_ore":12,"minecraft:gold_block":11,"minecraft:grass":1,"minecraft:coal_ore":51,"minecraft:shroomlight":1,"minecraft:stone":8,"minecraft:netherrack":112}},"DataVersion":3465}