{"stats":{"minecraft:mined":{"minecraft:nether_gold_ore":13,"twilightforest:firefly":2,"sophisticatedbackpacks:gold_backpack":3,"gravestone:gravestone":1,"minecraft:grass_block":5,"minecraft:crimson_roots":5,"minecraft:cracked_polished_blackstone_bricks":6,"minecraft:deepslate_bricks":2,"minecraft:crimson_fungus":1,"minecraft:crimson_stem":45,"minecraft:polished_blackstone_bricks":17,"minecraft:weeping_vines_plant":2,"minecraft:glowstone":25,"minecraft:fire":2,"minecraft:iron_ore":12,"minecraft:sticky_piston":5,"twilightforest:twilight_oak_leaves":3,"minecraft:brown_bed":1,"minecraft:gold_block":11,"twilightforest:firefly_jar":1,"minecraft:shroomlight":1,"minecraft:stone":18,"minecraft:tripwire":2,"minecraft:redstone_wall_torch":2,"minecraft:acacia_leaves":1,"minecraft:blackstone":10,"minecraft:lily_of_the_valley":1,"twilightforest:mangrove_planks":1,"minecraft:crimson_nylium":9,"minecraft:basalt":5,"twilightforest:twilight_oak_log":14,"minecraft:nether_quartz_ore":64,"minecraft:tall_grass":4,"minecraft:cobblestone":45,"twilightforest:mayapple":1,"minecraft:diorite":1,"twilightforest:root":4,"minecraft:grass":15,"minecraft:coal_ore":51,"minecraft:dirt":5,"minecraft:dispenser":2,"minecraft:stone_bricks":4,"minecraft:netherrack":112,"minecraft:mossy_stone_bricks":4},"minecraft:killed_by":{"minecraft:piglin_brute":1},"minecraft:used":{"minecraft:chest":8,"minecraft:shield":3,"minecraft:rotten_flesh":5,"minecraft:netherrack":70,"minecraft:soul_campfire":43,"minecraft:torch":51,"minecraft:dirt":206,"minecraft:spyglass":1,"minecraft:diamond_helmet":2,"minecraft:deepslate_brick_slab":59,"minecraft:spruce_fence":134,"minecraft:lantern":23,"minecraft:quartz_slab":24,"minecraft:grass_block":268,"minecraft:jungle_log":138,"minecraft:quartz_block":8,"minecraft:basalt":2,"minecraft:diamond_chestplate":2,"farmersdelight:cutting_board":1,"minecraft:bow":8,"minecraft:written_book":1,"minecraft:brown_bed":1,"sophisticatedbackpacks:gold_backpack":4,"minecraft:diorite":1,"minecraft:water_bucket":11,"minecraft:diamond_boots":1,"minecraft:diamond_axe":71,"minecraft:deepslate_bricks":64,"minecraft:polished_blackstone_bricks":4,"minecraft:deepslate_brick_stairs":76,"minecraft:diamond_pickaxe":425,"minecraft:bread":24,"minecraft:diamond_sword":110,"minecraft:cobblestone":65,"minecraft:cooked_porkchop":12,"minecraft:bucket":11,"minecraft:diamond_leggings":3,"minecraft:experience_bottle":267},"minecraft:killed":{"twilightforest:boar":1,"minecraft:skeleton":2,"twilightforest:tiny_bird":1,"minecraft:drowned":1,"minecraft:magma_cube":3,"minecraft:piglin":2,"minecraft:pig":1,"twilightforest:kobold":1,"twilightforest:raven":1,"minecraft:hoglin":2,"minecraft:squid":2,"minecraft:zombie":7,"twilightforest:bighorn_sheep":4},"minecraft:custom":{"minecraft:mob_kills":31,"minecraft:interact_with_crafting_table":24,"minecraft:leave_game":10,"minecraft:time_since_death":48794,"minecraft:climb_one_cm":1799,"minecraft:sprint_one_cm":247734,"minecraft:walk_one_cm":377199,"minecraft:damage_blocked_by_shield":300,"minecraft:drop":38,"minecraft:play_time":229972,"minecraft:deaths":2,"minecraft:sneak_time":20281,"minecraft:walk_under_water_one_cm":8130,"minecraft:jump":2225,"minecraft:walk_on_water_one_cm":9993,"minecraft:total_world_time":229972,"minecraft:interact_with_furnace":26,"minecraft:sleep_in_bed":8,"minecraft:time_since_rest":8159,"minecraft:damage_taken":2390,"minecraft:damage_dealt":5504,"minecraft:swim_one_cm":10866,"minecraft:fly_one_cm":1241076,"minecraft:open_chest":158,"minecraft:crouch_one_cm":66813,"minecraft:interact_with_smoker":16,"minecraft:fall_one_cm":49558},"minecraft:crafted":{"minecraft:black_dye":5,"minecraft:oak_planks":192,"minecraft:diamond_shovel":1,"sophisticatedbackpacks:crafting_upgrade":2,"minecraft:diamond_block":11,"minecraft:quartz_block":31,"minecraft:diamond":9,"minecraft:bow":2,"minecraft:chest":10,"minecraft:quartz_slab":24,"minecraft:diamond_sword":1,"minecraft:cooked_porkchop":6,"minecraft:crafting_table":2,"sophisticatedbackpacks:gold_backpack":1,"minecraft:gold_block":8,"minecraft:bucket":4,"sophisticatedbackpacks:upgrade_base":3,"minecraft:air":0,"farmersdelight:cutting_board":1,"minecraft:diamond_pickaxe":2,"minecraft:stick":60,"minecraft:iron_ingot":61,"minecraft:iron_block":4,"minecraft:gold_ingot":19,"farmersdelight:diamond_knife":2,"minecraft:torch":200},"minecraft:picked_up":{"sophisticatedbackpacks:gold_backpack":6,"minecraft:wheat":3,"minecraft:flower_pot":3,"minecraft:diamond_sword":4,"minecraft:brown_bed":1,"minecraft:gold_block":11,"minecraft:enchanted_book":1,"minecraft:shield":2,"farmersdelight:diamond_knife":1,"minecraft:string":5,"minecraft:sticky_piston":5,"minecraft:shroomlight":1,"minecraft:blackstone":6,"minecraft:gold_nugget":117,"minecraft:bucket":1,"minecraft:written_book":1,"minecraft:redstone_torch":5,"minecraft:spruce_slab":5,"minecraft:chest":1,"twilightforest:firefly_jar":1,"minecraft:golden_helmet":1,"minecraft:stick":14,"minecraft:raw_iron":12,"sophisticatedbackpacks:crafting_upgrade":1,"minecraft:porkchop":7,"minecraft:polished_blackstone_bricks":14,"minecraft:diorite":1,"minecraft:carrot":4,"twilightforest:firefly":2,"minecraft:weeping_vines":1,"twilightforest:mangrove_planks":1,"minecraft:arrow":6,"minecraft:rotten_flesh":19,"farmersdelight:onion":1,"minecraft:deepslate_bricks":2,"minecraft:mutton":8,"minecraft:cobblestone":63,"minecraft:tripwire_hook":1,"minecraft:magma_cream":2,"minecraft:basalt":5,"minecraft:repeater":1,"twilightforest:twilight_oak_log":14,"minecraft:crimson_stem":38,"minecraft:brown_wool":4,"minecraft:leather":22,"minecraft:crimson_fungus":2,"minecraft:dirt":29,"minecraft:bone":6,"minecraft:stone_bricks":8,"minecraft:bow":2,"minecraft:wheat_seeds":8,"minecraft:mossy_stone_bricks":4,"minecraft:glowstone_dust":96,"minecraft:acacia_sapling":2,"minecraft:oak_slab":3,"minecraft:milk_bucket":1,"minecraft:cooked_porkchop":22,"minecraft:quartz":127,"minecraft:spyglass":3,"sophisticatedbackpacks:iron_backpack":1,"minecraft:ink_sac":5,"minecraft:lily_of_the_valley":1,"minecraft:spectral_arrow":48,"minecraft:bundle":1,"minecraft:polished_andesite":3,"minecraft:dispenser":2,"twilightforest:raven_feather":2,"minecraft:cracked_polished_blackstone_bricks":6,"minecraft:diamond_axe":3,"minecraft:bread":99,"minecraft:netherrack":140,"minecraft:coal":50,"twilightforest:torchberries":5,"minecraft:crimson_roots":1,"minecraft:diamond_pickaxe":5},"minecraft:dropped":{"sophisticatedbackpacks:iron_backpack":1,"minecraft:porkchop":4,"minecraft:black_dye":4,"minecraft:diamond_axe":2,"minecraft:diamond":1,"minecraft:leather":8,"sophisticatedbackpacks:gold_backpack":3,"minecraft:dirt":2,"twilightforest:firefly":1,"minecraft:torch":85,"sophisticatedbackpacks:crafting_upgrade":2,"minecraft:bucket":3,"minecraft:spyglass":1,"minecraft:rotten_flesh":3,"minecraft:diamond_sword":3,"minecraft:shield":1,"minecraft:diamond_pickaxe":5,"minecraft:acacia_sapling":2,"minecraft:bow":2,"minecraft:netherrack":24,"farmersdelight:diamond_knife":2}},"DataVersion":3465}