{"stats":{"minecraft:mined":{"minecraft:acacia_leaves":1,"minecraft:deepslate_bricks":2,"minecraft:tall_grass":3,"minecraft:cobblestone":4,"minecraft:diorite":1,"minecraft:iron_ore":12,"minecraft:coal_ore":51,"minecraft:stone":8},"minecraft:killed":{"minecraft:pig":1,"minecraft:skeleton":2,"minecraft:zombie":6},"minecraft:dropped":{"minecraft:porkchop":4,"minecraft:diamond_axe":2,"minecraft:rotten_flesh":3,"minecraft:leather":8,"minecraft:diamond_sword":2,"minecraft:dirt":2,"minecraft:shield":1,"minecraft:torch":85,"minecraft:diamond_pickaxe":2,"minecraft:acacia_sapling":2,"minecraft:bow":1,"minecraft:bucket":1,"farmersdelight:diamond_knife":2},"minecraft:used":{"minecraft:water_bucket":8,"minecraft:diorite":1,"minecraft:diamond_boots":1,"minecraft:shield":3,"minecraft:rotten_flesh":5,"minecraft:deepslate_bricks":64,"minecraft:soul_campfire":43,"minecraft:torch":51,"minecraft:dirt":170,"minecraft:spyglass":1,"minecraft:diamond_helmet":1,"minecraft:deepslate_brick_slab":59,"minecraft:spruce_fence":134,"minecraft:deepslate_brick_stairs":76,"minecraft:diamond_pickaxe":78,"minecraft:lantern":23,"minecraft:grass_block":268,"minecraft:bread":2,"minecraft:jungle_log":138,"minecraft:diamond_chestplate":1,"minecraft:diamond_sword":32,"farmersdelight:cutting_board":1,"minecraft:cobblestone":44,"minecraft:cooked_porkchop":2,"minecraft:bucket":9,"minecraft:diamond_leggings":1,"minecraft:experience_bottle":267},"minecraft:picked_up":{"minecraft:diamond_sword":3,"minecraft:shield":2,"farmersdelight:diamond_knife":1,"minecraft:dirt":17,"minecraft:bone":3,"minecraft:bow":1,"minecraft:wheat_seeds":5,"minecraft:acacia_sapling":2,"minecraft:raw_iron":12,"minecraft:stick":1,"minecraft:spyglass":2,"minecraft:porkchop":4,"sophisticatedbackpacks:iron_backpack":1,"minecraft:diorite":1,"minecraft:carrot":3,"minecraft:arrow":6,"minecraft:rotten_flesh":17,"farmersdelight:onion":1,"minecraft:deepslate_bricks":2,"minecraft:diamond_axe":3,"minecraft:bread":64,"minecraft:coal":50,"minecraft:cobblestone":12,"minecraft:diamond_pickaxe":3},"minecraft:crafted":{"minecraft:oak_planks":128,"minecraft:cooked_porkchop":2,"minecraft:bucket":2,"minecraft:diamond_shovel":1,"minecraft:air":0,"minecraft:diamond_block":11,"farmersdelight:cutting_board":1,"minecraft:bow":2,"minecraft:stick":60,"farmersdelight:diamond_knife":2,"minecraft:torch":200},"minecraft:custom":{"minecraft:interact_with_furnace":4,"minecraft:mob_kills":10,"minecraft:interact_with_crafting_table":10,"minecraft:leave_game":5,"minecraft:time_since_death":123621,"minecraft:sleep_in_bed":4,"minecraft:time_since_rest":2107,"minecraft:sprint_one_cm":78918,"minecraft:damage_taken":357,"minecraft:walk_one_cm":163198,"minecraft:damage_blocked_by_shield":300,"minecraft:drop":20,"minecraft:damage_dealt":1928,"minecraft:swim_one_cm":7685,"minecraft:fly_one_cm":315585,"minecraft:open_chest":46,"minecraft:crouch_one_cm":25541,"minecraft:play_time":123621,"minecraft:sneak_time":7674,"minecraft:walk_under_water_one_cm":6902,"minecraft:jump":661,"minecraft:walk_on_water_one_cm":6702,"minecraft:total_world_time":123621,"minecraft:interact_with_smoker":9,"minecraft:fall_one_cm":10131}},"DataVersion":3465}