{"stats":{"minecraft:picked_up":{"minecraft:porkchop":4,"minecraft:stick":1,"minecraft:rotten_flesh":3,"minecraft:acacia_sapling":2},"minecraft:custom":{"minecraft:jump":129,"minecraft:time_since_rest":56342,"minecraft:damage_dealt":317,"minecraft:leave_game":3,"minecraft:play_time":56342,"minecraft:sprint_one_cm":10869,"minecraft:time_since_death":56342,"minecraft:walk_one_cm":32952,"minecraft:sneak_time":38,"minecraft:total_world_time":56342,"minecraft:mob_kills":2,"minecraft:drop":2,"minecraft:fly_one_cm":42020},"minecraft:dropped":{"minecraft:porkchop":2},"minecraft:mined":{"minecraft:acacia_leaves":1},"minecraft:killed":{"minecraft:pig":1,"minecraft:zombie":1},"minecraft:used":{"minecraft:diamond_sword":3,"minecraft:rotten_flesh":5}},"DataVersion":3465}