{"stats":{"minecraft:picked_up":{"minecraft:porkchop":4},"minecraft:custom":{"minecraft:jump":56,"minecraft:time_since_rest":8342,"minecraft:damage_dealt":157,"minecraft:leave_game":3,"minecraft:play_time":8342,"minecraft:sprint_one_cm":6956,"minecraft:time_since_death":8342,"minecraft:walk_one_cm":10844,"minecraft:total_world_time":8342,"minecraft:mob_kills":1,"minecraft:drop":2,"minecraft:fly_one_cm":9140},"minecraft:dropped":{"minecraft:porkchop":2},"minecraft:mined":{"minecraft:acacia_leaves":1},"minecraft:killed":{"minecraft:pig":1}},"DataVersion":3465}