{"stats":{"minecraft:picked_up":{"minecraft:porkchop":4,"minecraft:stick":1,"minecraft:rotten_flesh":2,"minecraft:acacia_sapling":2},"minecraft:custom":{"minecraft:jump":116,"minecraft:time_since_rest":32342,"minecraft:damage_dealt":317,"minecraft:leave_game":3,"minecraft:play_time":32342,"minecraft:sprint_one_cm":7246,"minecraft:time_since_death":32342,"minecraft:walk_one_cm":29526,"minecraft:total_world_time":32342,"minecraft:mob_kills":2,"minecraft:drop":2,"minecraft:fly_one_cm":9889},"minecraft:dropped":{"minecraft:porkchop":2},"minecraft:mined":{"minecraft:acacia_leaves":1},"minecraft:killed":{"minecraft:pig":1,"minecraft:zombie":1},"minecraft:used":{"minecraft:diamond_sword":3,"minecraft:rotten_flesh":5}},"DataVersion":3465}