{"stats":{"minecraft:killed_by":{"minecraft:piglin_brute":1},"minecraft:mined":{"minecraft:nether_gold_ore":6,"minecraft:acacia_leaves":1,"minecraft:crimson_nylium":7,"sophisticatedbackpacks:gold_backpack":3,"gravestone:gravestone":1,"minecraft:crimson_roots":2,"minecraft:nether_quartz_ore":46,"minecraft:deepslate_bricks":2,"minecraft:tall_grass":3,"minecraft:cobblestone":4,"minecraft:crimson_fungus":1,"minecraft:diorite":1,"minecraft:crimson_stem":2,"minecraft:weeping_vines_plant":1,"minecraft:glowstone":9,"minecraft:iron_ore":12,"minecraft:coal_ore":51,"minecraft:shroomlight":1,"minecraft:stone":8,"minecraft:netherrack":59},"minecraft:killed":{"minecraft:piglin":2,"minecraft:pig":1,"minecraft:hoglin":1,"minecraft:squid":2,"minecraft:skeleton":2,"minecraft:zombie":6},"minecraft:dropped":{"sophisticatedbackpacks:iron_backpack":1,"minecraft:black_dye":4,"minecraft:porkchop":4,"minecraft:diamond_axe":2,"minecraft:rotten_flesh":3,"minecraft:leather":8,"sophisticatedbackpacks:gold_backpack":2,"minecraft:diamond_sword":2,"minecraft:dirt":2,"minecraft:shield":1,"minecraft:torch":85,"minecraft:diamond_pickaxe":3,"minecraft:acacia_sapling":2,"minecraft:bow":1,"minecraft:bucket":3,"farmersdelight:diamond_knife":2},"minecraft:used":{"minecraft:water_bucket":9,"minecraft:diorite":1,"minecraft:diamond_boots":1,"minecraft:shield":3,"minecraft:diamond_axe":4,"minecraft:rotten_flesh":5,"minecraft:deepslate_bricks":64,"minecraft:netherrack":34,"minecraft:soul_campfire":43,"minecraft:torch":51,"minecraft:dirt":183,"minecraft:spyglass":1,"minecraft:diamond_helmet":1,"minecraft:deepslate_brick_slab":59,"minecraft:spruce_fence":134,"minecraft:deepslate_brick_stairs":76,"minecraft:diamond_pickaxe":207,"minecraft:lantern":23,"minecraft:grass_block":268,"minecraft:bread":14,"minecraft:jungle_log":138,"minecraft:diamond_chestplate":1,"minecraft:diamond_sword":48,"farmersdelight:cutting_board":1,"minecraft:cobblestone":44,"minecraft:bow":7,"minecraft:cooked_porkchop":2,"minecraft:bucket":9,"sophisticatedbackpacks:gold_backpack":4,"minecraft:diamond_leggings":1,"minecraft:experience_bottle":267},"minecraft:picked_up":{"sophisticatedbackpacks:gold_backpack":5,"minecraft:crimson_stem":2,"minecraft:leather":2,"minecraft:diamond_sword":3,"minecraft:crimson_fungus":2,"minecraft:shield":2,"farmersdelight:diamond_knife":1,"minecraft:dirt":17,"minecraft:bone":3,"minecraft:shroomlight":1,"minecraft:bow":1,"minecraft:wheat_seeds":5,"minecraft:gold_nugget":52,"minecraft:bucket":1,"minecraft:glowstone_dust":34,"minecraft:acacia_sapling":2,"minecraft:golden_helmet":1,"minecraft:raw_iron":12,"minecraft:stick":1,"minecraft:cooked_porkchop":8,"minecraft:quartz":91,"minecraft:spyglass":2,"minecraft:porkchop":4,"minecraft:polished_blackstone_bricks":1,"sophisticatedbackpacks:iron_backpack":1,"minecraft:ink_sac":5,"minecraft:diorite":1,"minecraft:carrot":3,"minecraft:weeping_vines":1,"minecraft:arrow":6,"minecraft:rotten_flesh":17,"farmersdelight:onion":1,"minecraft:deepslate_bricks":2,"minecraft:cracked_polished_blackstone_bricks":1,"minecraft:diamond_axe":3,"minecraft:bread":64,"minecraft:netherrack":82,"minecraft:crimson_roots":1,"minecraft:coal":50,"minecraft:cobblestone":12,"minecraft:diamond_pickaxe":4},"minecraft:custom":{"minecraft:interact_with_furnace":11,"minecraft:mob_kills":15,"minecraft:interact_with_crafting_table":10,"minecraft:leave_game":6,"minecraft:time_since_death":9654,"minecraft:sleep_in_bed":4,"minecraft:climb_one_cm":592,"minecraft:time_since_rest":9762,"minecraft:sprint_one_cm":136125,"minecraft:damage_taken":1034,"minecraft:walk_one_cm":212651,"minecraft:damage_blocked_by_shield":300,"minecraft:drop":27,"minecraft:damage_dealt":2702,"minecraft:swim_one_cm":10866,"minecraft:fly_one_cm":377761,"minecraft:open_chest":58,"minecraft:crouch_one_cm":41325,"minecraft:deaths":1,"minecraft:play_time":153641,"minecraft:sneak_time":12641,"minecraft:walk_under_water_one_cm":8130,"minecraft:jump":1116,"minecraft:walk_on_water_one_cm":8075,"minecraft:total_world_time":153641,"minecraft:interact_with_smoker":11,"minecraft:fall_one_cm":23926},"minecraft:crafted":{"minecraft:black_dye":5,"minecraft:oak_planks":128,"minecraft:cooked_porkchop":2,"sophisticatedbackpacks:gold_backpack":1,"minecraft:bucket":2,"minecraft:diamond_shovel":1,"minecraft:air":0,"minecraft:diamond_block":11,"minecraft:quartz_block":22,"farmersdelight:cutting_board":1,"minecraft:bow":2,"minecraft:stick":60,"minecraft:iron_ingot":6,"farmersdelight:diamond_knife":2,"minecraft:torch":200}},"DataVersion":3465}