{"stats":{"minecraft:mined":{"minecraft:acacia_leaves":1},"minecraft:killed":{"minecraft:zombie":1,"minecraft:pig":1},"minecraft:dropped":{"minecraft:diamond_sword":2,"minecraft:dirt":2,"minecraft:porkchop":4,"minecraft:shield":1,"minecraft:diamond_axe":2,"minecraft:diamond_pickaxe":2,"minecraft:acacia_sapling":2,"minecraft:rotten_flesh":3,"minecraft:bucket":1},"minecraft:used":{"minecraft:diamond_boots":1,"minecraft:lantern":23,"minecraft:grass_block":268,"minecraft:jungle_log":138,"minecraft:deepslate_bricks":62,"minecraft:rotten_flesh":5,"minecraft:diamond_chestplate":1,"minecraft:soul_campfire":43,"minecraft:diamond_sword":3,"minecraft:dirt":170,"minecraft:diamond_helmet":1,"minecraft:deepslate_brick_slab":59,"minecraft:spruce_fence":134,"minecraft:diamond_leggings":1,"minecraft:deepslate_brick_stairs":76,"minecraft:experience_bottle":267},"minecraft:picked_up":{"minecraft:stick":1,"minecraft:diamond_sword":3,"minecraft:spyglass":2,"minecraft:porkchop":4,"minecraft:shield":2,"minecraft:carrot":3,"minecraft:dirt":2,"minecraft:rotten_flesh":3,"minecraft:wheat_seeds":5,"farmersdelight:onion":1,"minecraft:diamond_axe":3,"minecraft:acacia_sapling":2,"minecraft:diamond_pickaxe":3},"minecraft:crafted":{"minecraft:bucket":2},"minecraft:custom":{"minecraft:time_since_rest":12265,"minecraft:sprint_one_cm":38101,"minecraft:walk_one_cm":104600,"minecraft:mob_kills":2,"minecraft:drop":14,"minecraft:damage_dealt":327,"minecraft:interact_with_crafting_table":2,"minecraft:fly_one_cm":256513,"minecraft:open_chest":17,"minecraft:crouch_one_cm":23575,"minecraft:play_time":99621,"minecraft:sneak_time":7033,"minecraft:walk_under_water_one_cm":98,"minecraft:jump":340,"minecraft:leave_game":5,"minecraft:walk_on_water_one_cm":508,"minecraft:time_since_death":99621,"minecraft:sleep_in_bed":2,"minecraft:total_world_time":99621}},"DataVersion":3465}