{"stats":{"minecraft:picked_up":{"minecraft:stick":1,"minecraft:rotten_flesh":3,"minecraft:wheat_seeds":5,"farmersdelight:onion":1,"minecraft:porkchop":4,"minecraft:carrot":3,"minecraft:acacia_sapling":2},"minecraft:custom":{"minecraft:time_since_rest":12597,"minecraft:crouch_one_cm":19659,"minecraft:play_time":85994,"minecraft:sprint_one_cm":32897,"minecraft:walk_one_cm":89891,"minecraft:sneak_time":6186,"minecraft:walk_under_water_one_cm":98,"minecraft:mob_kills":2,"minecraft:drop":5,"minecraft:jump":312,"minecraft:damage_dealt":327,"minecraft:leave_game":4,"minecraft:time_since_death":85994,"minecraft:walk_on_water_one_cm":508,"minecraft:sleep_in_bed":1,"minecraft:total_world_time":85994,"minecraft:fly_one_cm":237094},"minecraft:dropped":{"minecraft:rotten_flesh":3,"minecraft:porkchop":4,"minecraft:acacia_sapling":2},"minecraft:mined":{"minecraft:acacia_leaves":1},"minecraft:killed":{"minecraft:zombie":1,"minecraft:pig":1},"minecraft:used":{"minecraft:deepslate_bricks":62,"minecraft:rotten_flesh":5,"minecraft:soul_campfire":43,"minecraft:diamond_sword":3,"minecraft:dirt":127,"minecraft:lantern":23,"minecraft:jungle_log":138,"minecraft:deepslate_brick_slab":59,"minecraft:spruce_fence":134,"minecraft:deepslate_brick_stairs":76}},"DataVersion":3465}