{"stats":{"minecraft:picked_up":{"minecraft:porkchop":4,"minecraft:rotten_flesh":2},"minecraft:custom":{"minecraft:jump":86,"minecraft:time_since_rest":20342,"minecraft:damage_dealt":317,"minecraft:leave_game":3,"minecraft:play_time":20342,"minecraft:sprint_one_cm":6956,"minecraft:time_since_death":20342,"minecraft:walk_one_cm":23721,"minecraft:total_world_time":20342,"minecraft:mob_kills":2,"minecraft:drop":2,"minecraft:fly_one_cm":9140},"minecraft:dropped":{"minecraft:porkchop":2},"minecraft:mined":{"minecraft:acacia_leaves":1},"minecraft:killed":{"minecraft:pig":1,"minecraft:zombie":1},"minecraft:used":{"minecraft:diamond_sword":3,"minecraft:rotten_flesh":5}},"DataVersion":3465}