{"stats":{"minecraft:used":{"minecraft:diorite":1,"minecraft:water_bucket":11,"minecraft:diamond_boots":1,"minecraft:chest":8,"minecraft:shield":3,"minecraft:diamond_axe":49,"minecraft:deepslate_bricks":64,"minecraft:rotten_flesh":5,"minecraft:netherrack":70,"minecraft:polished_blackstone_bricks":4,"minecraft:soul_campfire":43,"minecraft:torch":51,"minecraft:dirt":206,"minecraft:spyglass":1,"minecraft:diamond_helmet":2,"minecraft:deepslate_brick_slab":59,"minecraft:spruce_fence":134,"minecraft:deepslate_brick_stairs":76,"minecraft:diamond_pickaxe":384,"minecraft:quartz_slab":24,"minecraft:quartz_block":8,"minecraft:lantern":23,"minecraft:grass_block":268,"minecraft:bread":24,"minecraft:jungle_log":138,"minecraft:basalt":2,"minecraft:diamond_chestplate":2,"minecraft:diamond_sword":80,"farmersdelight:cutting_board":1,"minecraft:cobblestone":44,"minecraft:bow":7,"minecraft:cooked_porkchop":4,"minecraft:bucket":11,"minecraft:diamond_leggings":3,"sophisticatedbackpacks:gold_backpack":4,"minecraft:experience_bottle":267},"minecraft:killed":{"minecraft:magma_cube":3,"minecraft:piglin":2,"minecraft:pig":1,"minecraft:hoglin":2,"minecraft:squid":2,"minecraft:skeleton":2,"minecraft:zombie":6,"minecraft:drowned":1},"minecraft:dropped":{"sophisticatedbackpacks:iron_backpack":1,"minecraft:spyglass":1,"minecraft:black_dye":4,"minecraft:porkchop":4,"minecraft:diamond_axe":2,"minecraft:diamond":1,"minecraft:rotten_flesh":3,"minecraft:leather":8,"sophisticatedbackpacks:gold_backpack":3,"minecraft:diamond_sword":3,"minecraft:dirt":2,"minecraft:shield":1,"minecraft:torch":85,"minecraft:diamond_pickaxe":5,"minecraft:acacia_sapling":2,"minecraft:bow":2,"sophisticatedbackpacks:crafting_upgrade":2,"minecraft:bucket":3,"minecraft:netherrack":24,"farmersdelight:diamond_knife":2},"minecraft:crafted":{"minecraft:black_dye":5,"minecraft:oak_planks":192,"minecraft:diamond_sword":1,"minecraft:cooked_porkchop":6,"minecraft:crafting_table":2,"sophisticatedbackpacks:gold_backpack":1,"minecraft:gold_block":8,"sophisticatedbackpacks:crafting_upgrade":2,"minecraft:bucket":4,"minecraft:diamond_shovel":1,"sophisticatedbackpacks:upgrade_base":3,"minecraft:air":0,"minecraft:diamond_block":11,"farmersdelight:cutting_board":1,"minecraft:quartz_block":31,"minecraft:diamond":9,"minecraft:diamond_pickaxe":2,"minecraft:bow":2,"minecraft:stick":60,"minecraft:iron_ingot":61,"minecraft:gold_ingot":19,"minecraft:iron_block":4,"minecraft:chest":10,"minecraft:quartz_slab":24,"farmersdelight:diamond_knife":2,"minecraft:torch":200},"minecraft:picked_up":{"sophisticatedbackpacks:gold_backpack":6,"minecraft:basalt":5,"minecraft:magma_cream":2,"minecraft:crimson_stem":38,"minecraft:leather":22,"minecraft:diamond_sword":4,"minecraft:gold_block":11,"minecraft:enchanted_book":1,"minecraft:crimson_fungus":2,"minecraft:shield":2,"farmersdelight:diamond_knife":1,"minecraft:dirt":22,"minecraft:bone":3,"minecraft:blackstone":6,"minecraft:shroomlight":1,"minecraft:bow":2,"minecraft:wheat_seeds":6,"minecraft:gold_nugget":115,"minecraft:bucket":1,"minecraft:glowstone_dust":95,"minecraft:acacia_sapling":2,"minecraft:golden_helmet":1,"minecraft:stick":1,"minecraft:raw_iron":12,"minecraft:cooked_porkchop":22,"sophisticatedbackpacks:crafting_upgrade":1,"minecraft:quartz":127,"minecraft:spyglass":3,"minecraft:porkchop":4,"minecraft:polished_blackstone_bricks":14,"sophisticatedbackpacks:iron_backpack":1,"minecraft:ink_sac":5,"minecraft:diorite":1,"minecraft:carrot":3,"minecraft:arrow":6,"minecraft:weeping_vines":1,"minecraft:rotten_flesh":18,"farmersdelight:onion":1,"minecraft:deepslate_bricks":2,"minecraft:cracked_polished_blackstone_bricks":6,"minecraft:diamond_axe":3,"minecraft:bread":99,"minecraft:netherrack":140,"minecraft:coal":50,"minecraft:crimson_roots":1,"minecraft:cobblestone":44,"minecraft:diamond_pickaxe":5},"minecraft:killed_by":{"minecraft:piglin_brute":1},"minecraft:custom":{"minecraft:interact_with_furnace":26,"minecraft:mob_kills":21,"minecraft:interact_with_crafting_table":24,"minecraft:leave_game":9,"minecraft:time_since_death":23342,"minecraft:sleep_in_bed":5,"minecraft:climb_one_cm":592,"minecraft:time_since_rest":16015,"minecraft:sprint_one_cm":192035,"minecraft:damage_taken":2004,"minecraft:walk_one_cm":318978,"minecraft:damage_blocked_by_shield":300,"minecraft:drop":37,"minecraft:damage_dealt":4237,"minecraft:swim_one_cm":10866,"minecraft:fly_one_cm":433910,"minecraft:open_chest":151,"minecraft:crouch_one_cm":63814,"minecraft:play_time":204520,"minecraft:deaths":2,"minecraft:sneak_time":19400,"minecraft:walk_under_water_one_cm":8130,"minecraft:jump":1508,"minecraft:walk_on_water_one_cm":8401,"minecraft:total_world_time":204520,"minecraft:interact_with_smoker":16,"minecraft:fall_one_cm":36472},"minecraft:mined":{"minecraft:nether_gold_ore":13,"minecraft:acacia_leaves":1,"minecraft:blackstone":10,"minecraft:crimson_nylium":9,"sophisticatedbackpacks:gold_backpack":3,"minecraft:basalt":5,"gravestone:gravestone":1,"minecraft:grass_block":3,"minecraft:crimson_roots":5,"minecraft:cracked_polished_blackstone_bricks":6,"minecraft:nether_quartz_ore":64,"minecraft:deepslate_bricks":2,"minecraft:tall_grass":3,"minecraft:cobblestone":36,"minecraft:crimson_fungus":1,"minecraft:diorite":1,"minecraft:crimson_stem":45,"minecraft:polished_blackstone_bricks":17,"minecraft:weeping_vines_plant":2,"minecraft:glowstone":25,"minecraft:iron_ore":12,"minecraft:gold_block":11,"minecraft:grass":6,"minecraft:coal_ore":51,"minecraft:shroomlight":1,"minecraft:stone":8,"minecraft:netherrack":112}},"DataVersion":3465}